2000,2000-2003,2000-2007,2000-2018
2001,2000-2003,2000-2007,2000-2018
2002,2000-2003,2000-2007,2000-2018
2003,2000-2003,2000-2007,2000-2018
2004,2004-2007,2000-2007,2000-2018
2005,2004-2007,2000-2007,2000-2018
2006,2004-2007,2000-2007,2000-2018
2007,2004-2007,2000-2007,2000-2018
2008,2008-2011,2008-2018,2000-2018
2009,2008-2011,2008-2018,2000-2018
2010,2008-2011,2008-2018,2000-2018
2011,2008-2011,2008-2018,2000-2018
2012,2012-2015,2008-2018,2000-2018
2013,2012-2015,2008-2018,2000-2018
2014,2012-2015,2008-2018,2000-2018
2015,2012-2015,2008-2018,2000-2018
2016,2016-2018,2008-2018,2000-2018
2017,2016-2018,2008-2018,2000-2018
2018,2016-2018,2008-2018,2000-2018
